<?xml version="1.0" encoding="UTF-8"?>
<!DOCTYPE mapper
        PUBLIC "-//mybatis.org//DTD Mapper 3.0//EN"
        "http://mybatis.org/dtd/mybatis-3-mapper.dtd">
<mapper namespace="com.zhishuabao.mapper.QuestionBankMapper">

    <resultMap id="BaseResultMap" type="com.zhishuabao.model.entity.QuestionBank">
            <id property="id" column="id" jdbcType="BIGINT"/>
            <result property="title" column="title" jdbcType="VARCHAR"/>
            <result property="description" column="description" jdbcType="VARCHAR"/>
            <result property="picture" column="picture" jdbcType="VARCHAR"/>
            <result property="userId" column="userId" jdbcType="BIGINT"/>
            <result property="editTime" column="editTime" jdbcType="TIMESTAMP"/>
            <result property="createTime" column="createTime" jdbcType="TIMESTAMP"/>
            <result property="updateTime" column="updateTime" jdbcType="TIMESTAMP"/>
            <result property="isDelete" column="isDelete" jdbcType="TINYINT"/>
    </resultMap>

    <sql id="Base_Column_List">
        id,title,description,
        picture,userId,editTime,
        createTime,updateTime,isDelete
    </sql>
</mapper>
